{"auc": 0.747451801517067, "pcc": 0.42077140374980926}