{"auc": 0.732498419721871, "pcc": 0.39790584030340576}